-- ============================================================
-- 毕业设计管理系统 — 测试数据脚本
-- ============================================================
SET NAMES utf8mb4;
USE graduation_management;

-- ============================================================
-- 1. 系信息（2个系）
-- ============================================================
INSERT INTO department (dept_id, dept_name) VALUES
(1, '计算机科学与技术系'),
(2, '电子信息工程系');

-- ============================================================
-- 2. 专业信息（6个专业）
-- ============================================================
INSERT INTO major (major_id, major_name, dept_id) VALUES
(1, '计算机科学与技术', 1),
(2, '软件工程', 1),
(3, '数据科学与大数据技术', 1),
(4, '电子信息工程', 2),
(5, '通信工程', 2),
(6, '自动化', 2);

-- ============================================================
-- 3. 班级信息（12个班）
-- ============================================================
INSERT INTO class (class_id, class_name, major_id, grade) VALUES
(1, '计科2021-1班', 1, '2021'),
(2, '计科2021-2班', 1, '2021'),
(3, '软工2021-1班', 2, '2021'),
(4, '软工2021-2班', 2, '2021'),
(5, '大数据2021-1班', 3, '2021'),
(6, '大数据2021-2班', 3, '2021'),
(7, '电信2021-1班', 4, '2021'),
(8, '电信2021-2班', 4, '2021'),
(9, '通信2021-1班', 5, '2021'),
(10,'通信2021-2班', 5, '2021'),
(11,'自动化2021-1班', 6, '2021'),
(12,'自动化2021-2班', 6, '2021');

-- ============================================================
-- 4. 教师信息（20位教师，密码均为 123456 的BCrypt加密）
-- 实际 BCrypt：$2a$10$N.zmdr9k7uOCQb376NoUnuTJ8iAt6Z5EHsM8lE9lBOsl7iAt6Z5Eh
-- 为简化，先用明文占位，应用层统一加密
-- ============================================================
INSERT INTO teacher (teacher_id, teacher_name, password, dept_id, title, research_direction, phone, email, max_students) VALUES
('T001', '张明远', '$2a$10$placeholder', 1, '教授',   '分布式系统、云计算',       '13800001001', 'zhangmy@univ.edu.cn', 5),
('T002', '李华英', '$2a$10$placeholder', 1, '副教授', '机器学习、数据挖掘',       '13800001002', 'lihy@univ.edu.cn', 5),
('T003', '王建国', '$2a$10$placeholder', 1, '教授',   '计算机网络、信息安全',     '13800001003', 'wangjg@univ.edu.cn', 5),
('T004', '赵晓红', '$2a$10$placeholder', 1, '副教授', '软件工程、敏捷开发',       '13800001004', 'zhaoxh@univ.edu.cn', 5),
('T005', '刘志强', '$2a$10$placeholder', 1, '讲师',   '人工智能、自然语言处理',   '13800001005', 'liuzq@univ.edu.cn', 4),
('T006', '陈海波', '$2a$10$placeholder', 1, '教授',   '数据库系统、大数据处理',   '13800001006', 'chenhb@univ.edu.cn', 5),
('T007', '孙丽娜', '$2a$10$placeholder', 1, '副教授', '计算机视觉、图像处理',     '13800001007', 'sunln@univ.edu.cn', 5),
('T008', '周文博', '$2a$10$placeholder', 1, '讲师',   'Web前端技术、人机交互',    '13800001008', 'zhouwb@univ.edu.cn', 4),
('T009', '吴佳琪', '$2a$10$placeholder', 1, '副教授', '区块链技术、金融科技',     '13800001009', 'wujq@univ.edu.cn', 5),
('T010', '郑宇航', '$2a$10$placeholder', 1, '讲师',   '嵌入式系统、物联网',       '13800001010', 'zhengyh@univ.edu.cn', 4),
('T011', '钱学明', '$2a$10$placeholder', 2, '教授',   '信号处理、通信系统',       '13800001011', 'qianxm@univ.edu.cn', 5),
('T012', '蒋秀丽', '$2a$10$placeholder', 2, '副教授', '电子电路设计、VLSI',       '13800001012', 'jiangxl@univ.edu.cn', 5),
('T013', '韩卫东', '$2a$10$placeholder', 2, '教授',   '电磁场与微波技术',         '13800001013', 'hanwd@univ.edu.cn', 5),
('T014', '杨光耀', '$2a$10$placeholder', 2, '讲师',   'FPGA设计、数字系统',       '13800001014', 'yanggy@univ.edu.cn', 4),
('T015', '朱明慧', '$2a$10$placeholder', 2, '副教授', '无线通信、5G技术',         '13800001015', 'zhumh@univ.edu.cn', 5),
('T016', '马建平', '$2a$10$placeholder', 2, '教授',   '控制理论、机器人技术',     '13800001016', 'majp@univ.edu.cn', 5),
('T017', '胡晓峰', '$2a$10$placeholder', 2, '副教授', '智能控制、工业自动化',     '13800001017', 'huxf@univ.edu.cn', 5),
('T018', '林雨欣', '$2a$10$placeholder', 2, '讲师',   '传感器技术、检测技术',     '13800001018', 'linyx@univ.edu.cn', 4),
('T019', '何鹏程', '$2a$10$placeholder', 2, '讲师',   '数字信号处理、DSP',        '13800001019', 'hepc@univ.edu.cn', 4),
('T020', '郭晓燕', '$2a$10$placeholder', 2, '副教授', '模式识别、智能系统',       '13800001020', 'guoxy@univ.edu.cn', 5);

-- ============================================================
-- 5. 毕业设计题目（40个题目）
-- ============================================================
INSERT INTO topic (topic_id, title, description, teacher_id, direction, status, max_select) VALUES
(1,  '基于Spring Boot的在线考试系统设计与实现', '设计并实现一个在线考试系统，支持题库管理、自动组卷、在线答题、自动评分等功能。', 'T001', 'Web开发', 0, 1),
(2,  '分布式微服务架构下的服务注册与发现研究', '研究分布式系统中微服务的注册与发现机制，实现基于Consul/Eureka的服务治理方案。', 'T001', '分布式系统', 0, 1),
(3,  '基于Docker的容器化部署平台设计与实现', '设计一个轻量级容器化部署平台，支持应用的快速部署、扩缩容和监控。', 'T001', '云计算', 0, 1),
(4,  '基于深度学习的图像风格迁移算法研究', '研究并实现基于卷积神经网络的图像风格迁移算法，实现照片的艺术风格转换。', 'T002', '深度学习', 0, 1),
(5,  '电商平台用户行为分析与推荐系统', '基于用户历史行为数据，构建推荐算法模型，实现个性化商品推荐。', 'T002', '数据挖掘', 0, 1),
(6,  '基于知识图谱的智能问答系统', '构建特定领域的知识图谱，实现基于图谱的智能问答功能。', 'T002', '机器学习', 0, 1),
(7,  '校园网络入侵检测系统的设计与实现', '基于Snort/Suricata设计校园网络入侵检测系统，实现实时告警和日志分析。', 'T003', '网络安全', 0, 1),
(8,  '基于区块链的学籍信息管理系统', '利用区块链不可篡改特性，设计学籍信息存证与验证系统。', 'T003', '信息安全', 0, 1),
(9,  '校园网SDN架构设计与流量调度优化', '研究软件定义网络技术，设计校园网的SDN架构并进行流量调度优化。', 'T003', '计算机网络', 0, 1),
(10, '基于敏捷开发的毕业设计项目管理工具', '开发一个轻量级的敏捷项目管理工具，支持Scrum框架下的任务管理。', 'T004', '软件工程', 0, 1),
(11, '代码质量自动检测平台的设计与实现', '集成SonarQube等工具，构建代码质量自动检测和报告生成平台。', 'T004', '软件工程', 0, 1),
(12, '基于微前端的校园门户网站重构', '采用微前端架构（qiankun/Module Federation）重构校园信息门户。', 'T004', 'Web开发', 0, 1),
(13, '基于BERT的中文文本情感分析系统', '利用预训练语言模型BERT实现中文文本的情感分类与可视化分析。', 'T005', '自然语言处理', 0, 1),
(14, '智能客服对话系统的设计与实现', '基于意图识别和对话管理技术，实现面向校园场景的智能客服机器人。', 'T005', '人工智能', 0, 1),
(15, '基于MySQL的高校毕业设计管理系统', '设计并实现一个完整的毕业设计管理系统，涵盖选题、开题、中期检查、答辩评分全流程。', 'T006', '数据库', 0, 1),
(16, '大规模日志数据的实时采集与分析平台', '基于ELK(Elasticsearch+Logstash+Kibana)栈构建日志采集分析系统。', 'T006', '大数据', 0, 1),
(17, '数据仓库在高校教学质量分析中的应用', '设计数据仓库模型，对教学质量多维分析，生成可视化报表。', 'T006', '数据库', 0, 1),
(18, '基于YOLOv5的校园安防目标检测系统', '利用YOLOv5目标检测算法实现校园监控视频中的异常行为检测。', 'T007', '计算机视觉', 0, 1),
(19, '人脸识别在课堂考勤系统中的应用', '基于FaceNet/ArcFace实现课堂人脸考勤，解决多人同时识别问题。', 'T007', '图像处理', 0, 1),
(20, '基于OCR的试卷自动批改系统', '利用文字识别技术，实现客观题答题卡的自动批改与成绩统计。', 'T007', '计算机视觉', 0, 1),
(21, '基于Vue3+Element Plus的后台管理系统脚手架', '开发一套通用后台管理系统脚手架，包含权限管理、动态路由、CRUD代码生成。', 'T008', '前端开发', 0, 1),
(22, 'Progressive Web App在校园应用中的实践', '研究PWA技术，将传统校园Web应用改造为可离线使用的渐进式应用。', 'T008', 'Web前端', 0, 1),
(23, '基于Solidity的校园二手交易智能合约', '在以太坊区块链上开发校园二手商品交易的智能合约DApp。', 'T009', '区块链', 0, 1),
(24, '去中心化身份认证系统的设计与实现', '基于DID(去中心化标识符)标准设计跨平台身份认证系统。', 'T009', '区块链', 0, 1),
(25, '基于STM32的智能家居环境监测系统', '设计基于STM32单片机+传感器的室内环境（温湿度、PM2.5）监测系统。', 'T010', '嵌入式', 0, 1),
(26, '物联网农业大棚远程监控系统', '基于LoRa/NB-IoT的农业大棚环境参数采集与自动灌溉控制系统。', 'T010', '物联网', 0, 1),
(27, '5G通信系统中信道估计算法研究', '研究5G NR标准中的信道估计算法，进行仿真与性能分析。', 'T011', '通信系统', 0, 1),
(28, '基于SDR的软件无线电收发系统设计', '利用USRP/GNU Radio实现软件无线电收发系统，支持多种调制方式。', 'T011', '信号处理', 0, 1),
(29, '高精度模数转换器(ADC)的电路设计', '设计一款16位高精度逐次逼近型ADC，完成电路仿真与版图设计。', 'T012', '电子电路', 0, 1),
(30, '低功耗蓝牙SoC芯片的数字基带设计', '设计BLE 5.0标准的数字基带处理器，进行RTL编码与功能验证。', 'T012', 'VLSI设计', 0, 1),
(31, '微带贴片天线的设计与仿真优化', '基于HFSS软件设计工作于2.4GHz的微带贴片天线，优化带宽和增益。', 'T013', '天线设计', 0, 1),
(32, '电磁兼容(EMC)测试与整改方案研究', '针对典型电子设备进行EMC测试，分析干扰源并提出整改方案。', 'T013', '电磁兼容', 0, 1),
(33, '基于FPGA的实时视频图像处理系统', '在Xilinx FPGA上实现实时视频流的边缘检测、滤波等图像处理算法。', 'T014', 'FPGA设计', 0, 1),
(34, 'RISC-V处理器内核的FPGA实现与验证', '基于开源RISC-V架构，在FPGA上实现一个简单的五级流水线处理器。', 'T014', '数字系统', 0, 1),
(35, 'Massive MIMO系统中的波束赋形算法研究', '研究大规模MIMO系统的混合波束赋形算法，进行性能仿真。', 'T015', '5G技术', 0, 1),
(36, '基于深度学习的无线信道估计与信号检测', '将深度学习应用于OFDM系统的信道估计，与传统算法进行对比。', 'T015', '无线通信', 0, 1),
(37, '六自由度机械臂的运动学建模与仿真', '基于MATLAB/ROS对六自由度机械臂进行运动学建模和轨迹规划仿真。', 'T016', '机器人', 0, 1),
(38, '基于强化学习的移动机器人路径规划', '采用DQN/PPO等强化学习算法实现未知环境下的移动机器人自主导航。', 'T016', '控制理论', 0, 1),
(39, '工业PLC控制系统的远程监控方案设计', '基于OPC UA协议设计工业PLC的远程监控系统，实现数据采集与报警。', 'T017', '工业自动化', 0, 1),
(40, '智能楼宇能源管理系统的设计与实现', '设计楼宇能耗监测系统，基于数据分析提出节能优化策略。', 'T017', '智能控制', 0, 1);

-- ============================================================
-- 6. 学生信息（30名学生）
-- ============================================================
INSERT INTO student (stu_id, stu_name, password, class_id, phone, email) VALUES
('2021001', '王浩宇', '$2a$10$placeholder', 1, '13910010001', 'wanghy@stu.univ.edu.cn'),
('2021002', '李思雨', '$2a$10$placeholder', 1, '13910010002', 'lisy@stu.univ.edu.cn'),
('2021003', '张浩然', '$2a$10$placeholder', 2, '13910010003', 'zhanghr@stu.univ.edu.cn'),
('2021004', '刘梦琪', '$2a$10$placeholder', 2, '13910010004', 'liumq@stu.univ.edu.cn'),
('2021005', '陈俊杰', '$2a$10$placeholder', 3, '13910010005', 'chenjj@stu.univ.edu.cn'),
('2021006', '杨雨桐', '$2a$10$placeholder', 3, '13910010006', 'yangyt@stu.univ.edu.cn'),
('2021007', '赵一鸣', '$2a$10$placeholder', 4, '13910010007', 'zhaoym@stu.univ.edu.cn'),
('2021008', '黄诗涵', '$2a$10$placeholder', 4, '13910010008', 'huangsh@stu.univ.edu.cn'),
('2021009', '周瑞轩', '$2a$10$placeholder', 5, '13910010009', 'zhourx@stu.univ.edu.cn'),
('2021010', '吴佳慧', '$2a$10$placeholder', 5, '13910010010', 'wujh@stu.univ.edu.cn'),
('2021011', '徐子涵', '$2a$10$placeholder', 6, '13910010011', 'xuzh@stu.univ.edu.cn'),
('2021012', '孙浩楠', '$2a$10$placeholder', 6, '13910010012', 'sunhn@stu.univ.edu.cn'),
('2021013', '马晓彤', '$2a$10$placeholder', 7, '13910010013', 'maxt@stu.univ.edu.cn'),
('2021014', '朱铭宇', '$2a$10$placeholder', 7, '13910010014', 'zhumy@stu.univ.edu.cn'),
('2021015', '胡欣怡', '$2a$10$placeholder', 8, '13910010015', 'huxy@stu.univ.edu.cn'),
('2021016', '林正豪', '$2a$10$placeholder', 8, '13910010016', 'linzh@stu.univ.edu.cn'),
('2021017', '郭雨菲', '$2a$10$placeholder', 9, '13910010017', 'guoyf@stu.univ.edu.cn'),
('2021018', '何志远', '$2a$10$placeholder', 9, '13910010018', 'hezy@stu.univ.edu.cn'),
('2021019', '罗思源', '$2a$10$placeholder', 10, '13910010019', 'luosy@stu.univ.edu.cn'),
('2021020', '梁芷晴', '$2a$10$placeholder', 10, '13910010020', 'liangzq@stu.univ.edu.cn'),
('2021021', '宋俊熙', '$2a$10$placeholder', 11, '13910010021', 'songjx@stu.univ.edu.cn'),
('2021022', '唐语嫣', '$2a$10$placeholder', 11, '13910010022', 'tangyy@stu.univ.edu.cn'),
('2021023', '韩子轩', '$2a$10$placeholder', 12, '13910010023', 'hanzx@stu.univ.edu.cn'),
('2021024', '冯佳乐', '$2a$10$placeholder', 12, '13910010024', 'fengjl@stu.univ.edu.cn'),
('2021025', '董思远', '$2a$10$placeholder', 1, '13910010025', 'dongsy@stu.univ.edu.cn'),
('2021026', '程雨萱', '$2a$10$placeholder', 2, '13910010026', 'chengyx@stu.univ.edu.cn'),
('2021027', '曹文博', '$2a$10$placeholder', 3, '13910010027', 'caowb@stu.univ.edu.cn'),
('2021028', '邓芷若', '$2a$10$placeholder', 4, '13910010028', 'dengzr@stu.univ.edu.cn'),
('2021029', '彭俊豪', '$2a$10$placeholder', 5, '13910010029', 'pengjh@stu.univ.edu.cn'),
('2021030', '蒋晓萌', '$2a$10$placeholder', 6, '13910010030', 'jiangxm@stu.univ.edu.cn');

-- ============================================================
-- 7. 选题记录（部分学生已选题）
-- ============================================================
INSERT INTO selection (stu_id, topic_id, select_time, status) VALUES
('2021001', 1,  '2025-03-01 10:00:00', '进行中'),
('2021002', 4,  '2025-03-01 10:30:00', '进行中'),
('2021003', 7,  '2025-03-02 09:00:00', '进行中'),
('2021004', 10, '2025-03-02 09:30:00', '进行中'),
('2021005', 13, '2025-03-02 10:00:00', '进行中'),
('2021006', 15, '2025-03-03 08:30:00', '进行中'),
('2021007', 18, '2025-03-03 09:00:00', '进行中'),
('2021008', 21, '2025-03-03 10:00:00', '进行中'),
('2021009', 25, '2025-03-04 09:00:00', '进行中'),
('2021010', 27, '2025-03-04 10:00:00', '进行中'),
('2021011', 29, '2025-03-04 11:00:00', '进行中'),
('2021012', 33, '2025-03-05 09:00:00', '进行中'),
('2021013', 37, '2025-03-05 10:00:00', '进行中'),
('2021014', 39, '2025-03-05 10:30:00', '进行中'),
('2021015', 7,  '2025-03-01 14:00:00', '进行中');

-- 更新已选题目状态
UPDATE topic SET status = 1 WHERE topic_id IN (1,4,7,10,13,15,18,21,25,27,29,33,37,39);

-- 注意：15号题目被两位学生选择，需要将 max_select 调整为 2
UPDATE topic SET max_select = 2 WHERE topic_id = 7;

-- ============================================================
-- 8. 阶段文档提交记录
-- ============================================================
INSERT INTO submission (selection_id, stage, file_path, description, submit_time, status, version) VALUES
-- 学生2021001 已完成开题报告和中期检查
(1, '开题报告', '/files/2025/2021001/开题报告_v1.pdf', '基于Spring Boot的在线考试系统——开题报告', '2025-03-20 14:30:00', '已通过', 1),
(1, '中期检查', '/files/2025/2021001/中期检查_v1.pdf', '中期检查报告', '2025-05-10 16:00:00', '待审阅', 1),
-- 学生2021002
(2, '开题报告', '/files/2025/2021002/开题报告_v1.pdf', '图像风格迁移研究——开题报告', '2025-03-21 15:00:00', '已通过', 1),
(2, '中期检查', '/files/2025/2021002/中期检查_v1.pdf', '中期检查报告', '2025-05-11 10:00:00', '待审阅', 1),
-- 学生2021003
(3, '开题报告', '/files/2025/2021003/开题报告_v1.pdf', '校园网入侵检测——开题报告', '2025-03-22 09:30:00', '需修改', 1),
-- 学生2021006
(6, '开题报告', '/files/2025/2021006/开题报告_v1.pdf', '毕业设计管理系统——开题报告', '2025-03-23 11:00:00', '已通过', 1),
(6, '中期检查', '/files/2025/2021006/中期检查_v1.pdf', '中期检查报告', '2025-05-12 14:00:00', '已通过', 1),
(6, '初稿',   '/files/2025/2021006/初稿_v1.pdf', '毕业设计管理系统——论文初稿', '2025-06-05 10:00:00', '待审阅', 1);

-- ============================================================
-- 9. 审阅评分记录
-- ============================================================
INSERT INTO review (submission_id, teacher_id, score, comment, review_time) VALUES
(1, 'T001', 88, '开题报告结构完整，技术路线清晰。建议补充系统非功能需求分析。', '2025-03-25 10:00:00'),
(3, 'T002', 85, '文献综述较全面，算法方案对比充分。注意实验环境的具体配置说明。', '2025-03-26 15:00:00'),
(5, 'T003', 72, '报告结构需要调整，需求分析不够深入。请补充用例图和活动图。', '2025-03-26 09:00:00'),
(7, 'T006', 90, '选题有新意，系统设计合理。数据库ER图完善，期待后续实现。', '2025-03-28 11:00:00'),
(8, 'T006', 92, '中期进展顺利，系统核心功能已完成。建议加强并发控制部分的设计。', '2025-05-15 16:00:00');

-- ============================================================
-- 10. 流程期限配置
-- ============================================================
INSERT INTO deadline (stage, start_date, end_date, description, semester) VALUES
('选题',   '2025-02-20', '2025-03-20', '学生在系统中选择毕业设计题目', '2024-2025-2'),
('开题报告', '2025-03-01', '2025-04-15', '提交开题报告文档', '2024-2025-2'),
('中期检查', '2025-04-20', '2025-05-31', '提交中期检查报告', '2024-2025-2'),
('初稿',   '2025-05-15', '2025-06-30', '提交毕业论文初稿', '2024-2025-2'),
('终稿',   '2025-06-15', '2025-07-31', '提交毕业论文终稿', '2024-2025-2');

-- ============================================================
-- 11. 系统管理员用户
-- ============================================================
INSERT INTO sys_user (username, password, real_name, role) VALUES
('admin', '$2a$10$placeholder', '系统管理员', 'ADMIN');

-- ============================================================
-- 12. 审计日志测试数据
-- ============================================================
INSERT INTO audit_log (table_name, operation, record_id, new_value, operated_by, operation_time) VALUES
('selection', 'INSERT', '1', '{"stu_id":"2021001","topic_id":1}', '2021001', '2025-03-01 10:00:00'),
('selection', 'INSERT', '2', '{"stu_id":"2021002","topic_id":4}', '2021002', '2025-03-01 10:30:00'),
('submission', 'INSERT', '1', '{"selection_id":1,"stage":"开题报告"}', '2021001', '2025-03-20 14:30:00'),
('review', 'INSERT', '1', '{"submission_id":1,"score":88}', 'T001', '2025-03-25 10:00:00');
